0, 4509;1, 205; RSS_KB=192540
0, 4509;1, 205; RSS_KB=6176220
0, 4492;1, 205; RSS_KB=11157596
0, 4492;1, 205; RSS_KB=14803464
0, 4492;1, 205; RSS_KB=16082300
0, 4491;1, 205; RSS_KB=19327120
0, 4497;1, 205; RSS_KB=18503272
0, 4729;1, 205; RSS_KB=19379440
0, 14370;1, 205; RSS_KB=19692692
0, 14564;1, 205; RSS_KB=19909524
0, 14554;1, 205; RSS_KB=20126360
0, 14554;1, 205; RSS_KB=20343004
0, 14539;1, 205; RSS_KB=20343004
0, 14539;1, 205; RSS_KB=20559644
0, 14541;1, 205; RSS_KB=20776096
0, 14541;1, 205; RSS_KB=20992544
0, 14547;1, 205; RSS_KB=21207676
0, 14566;1, 205; RSS_KB=21207676
0, 14566;1, 205; RSS_KB=21422800
0, 14566;1, 205; RSS_KB=21638116
0, 14558;1, 205; RSS_KB=21854756
0, 14543;1, 205; RSS_KB=22069888
0, 14543;1, 205; RSS_KB=22069888
0, 14543;1, 205; RSS_KB=22285016
0, 14558;1, 205; RSS_KB=22500144
0, 14554;1, 205; RSS_KB=22715272
0, 14545;1, 205; RSS_KB=22930396
0, 14545;1, 205; RSS_KB=22930396
0, 14545;1, 205; RSS_KB=23145528
0, 14545;1, 205; RSS_KB=23360752
0, 14545;1, 205; RSS_KB=23575880
0, 14553;1, 205; RSS_KB=23792328
0, 14553;1, 205; RSS_KB=23792328
0, 14553;1, 205; RSS_KB=24007464
0, 14555;1, 205; RSS_KB=24222592
0, 6084;1, 205; RSS_KB=24437716
0, 14612;1, 205; RSS_KB=24437716
0, 14677;1, 205; RSS_KB=24652848
0, 14675;1, 205; RSS_KB=24867972
0, 14624;1, 205; RSS_KB=25083100
0, 14596;1, 205; RSS_KB=25083100
0, 14600;1, 205; RSS_KB=25298232
0, 14610;1, 205; RSS_KB=25513356
0, 14608;1, 205; RSS_KB=25728488
0, 14604;1, 205; RSS_KB=25943616
0, 14612;1, 205; RSS_KB=25943616
0, 14725;1, 205; RSS_KB=26158740
0, 14793;1, 205; RSS_KB=26373872
0, 14772;1, 205; RSS_KB=26589000
0, 14776;1, 205; RSS_KB=26589000
0, 14777;1, 205; RSS_KB=26804128
0, 14622;1, 205; RSS_KB=27019256
0, 14613;1, 205; RSS_KB=27234384
0, 6244;1, 205; RSS_KB=27449512
0, 14605;1, 205; RSS_KB=27449512
0, 14609;1, 205; RSS_KB=27664640
0, 14558;1, 205; RSS_KB=27879764
0, 14578;1, 205; RSS_KB=28094912
0, 5961;1, 205; RSS_KB=28310492
0, 14540;1, 205; RSS_KB=28310044
0, 14550;1, 205; RSS_KB=28525172
0, 14532;1, 205; RSS_KB=28740300
0, 14581;1, 205; RSS_KB=28955428
0, 14572;1, 205; RSS_KB=28955428
0, 14550;1, 205; RSS_KB=29170560
0, 14526;1, 205; RSS_KB=29385688
0, 14525;1, 205; RSS_KB=29600828
0, 14498;1, 205; RSS_KB=29600828
0, 14526;1, 205; RSS_KB=29815956
0, 14614;1, 205; RSS_KB=30031088
0, 14594;1, 205; RSS_KB=30246312
0, 14575;1, 205; RSS_KB=30246312
0, 14356;1, 205; RSS_KB=30335724
0, 14545;1, 205; RSS_KB=30335724
0, 14471;1, 205; RSS_KB=30335728
0, 14475;1, 205; RSS_KB=30335728
0, 14475;1, 205; RSS_KB=30335728
0, 14440;1, 205; RSS_KB=30335728
0, 14469;1, 205; RSS_KB=30335728
0, 14477;1, 205; RSS_KB=30335728
0, 14478;1, 205; RSS_KB=30335728
0, 14478;1, 205; RSS_KB=30335728
0, 14478;1, 205; RSS_KB=30335728
0, 14476;1, 205; RSS_KB=30335728
0, 14469;1, 205; RSS_KB=30335728
0, 14476;1, 205; RSS_KB=30335728
0, 14471;1, 205; RSS_KB=30335728
0, 14466;1, 205; RSS_KB=30335728
0, 14466;1, 205; RSS_KB=30335728
0, 14466;1, 205; RSS_KB=30335728
0, 14450;1, 205; RSS_KB=30335728
0, 14456;1, 205; RSS_KB=30335728
0, 14456;1, 205; RSS_KB=30335728
0, 14456;1, 205; RSS_KB=30335728
0, 14456;1, 205; RSS_KB=30335728
0, 14450;1, 205; RSS_KB=30335728
0, 14450;1, 205; RSS_KB=30335728
0, 14450;1, 205; RSS_KB=30335728
0, 14460;1, 205; RSS_KB=30335728
0, 14460;1, 205; RSS_KB=30335728
0, 14460;1, 205; RSS_KB=30335728
0, 14465;1, 205; RSS_KB=30335728
0, 14465;1, 205; RSS_KB=30335728
0, 14456;1, 205; RSS_KB=30335728
0, 14456;1, 205; RSS_KB=30335728
0, 14465;1, 205; RSS_KB=30335728
0, 14474;1, 205; RSS_KB=30118272
0, 14465;1, 205; RSS_KB=29796148
0, 14454;1, 205; RSS_KB=29472556
0, 14454;1, 205; RSS_KB=29154032
0, 14450;1, 205; RSS_KB=28829040
0, 14460;1, 205; RSS_KB=28504916
0, 14464;1, 205; RSS_KB=28181080
0, 14464;1, 205; RSS_KB=27853052
0, 14450;1, 205; RSS_KB=27527740
0, 14464;1, 205; RSS_KB=27206724
0, 14460;1, 205; RSS_KB=27044180
0, 14456;1, 205; RSS_KB=26919652
0, 14456;1, 205; RSS_KB=26610420
0, 14456;1, 205; RSS_KB=26589520
0, 14455;1, 205; RSS_KB=26273696
0, 14455;1, 205; RSS_KB=26183448
0, 14455;1, 205; RSS_KB=26010316
0, 14445;1, 205; RSS_KB=25763160
0, 14445;1, 205; RSS_KB=25692216
0, 15105;1, 205; RSS_KB=25372916
0, 14445;1, 205; RSS_KB=25349396
0, 14445;1, 205; RSS_KB=25088756
0, 14445;1, 205; RSS_KB=24942112
0, 14445;1, 205; RSS_KB=24819456
0, 14460;1, 205; RSS_KB=24541196
0, 7172;1, 205; RSS_KB=24554432
0, 14254;1, 205; RSS_KB=24249448
0, 14446;1, 205; RSS_KB=24173536
0, 14446;1, 205; RSS_KB=23989016
0, 14446;1, 205; RSS_KB=23784612
0, 14455;1, 205; RSS_KB=23727804
0, 14455;1, 205; RSS_KB=23401744
0, 14455;1, 205; RSS_KB=23401748
0, 14451;1, 205; RSS_KB=23144456
0, 14451;1, 205; RSS_KB=23024876
0, 14455;1, 205; RSS_KB=22890872
0, 14455;1, 205; RSS_KB=22653876
0, 14455;1, 205; RSS_KB=22628124
0, 14460;1, 205; RSS_KB=22301160
0, 14456;1, 205; RSS_KB=22008608
0, 14446;1, 205; RSS_KB=21714392
0, 14452;1, 205; RSS_KB=21431656
0, 14452;1, 205; RSS_KB=21226976
0, 14451;1, 205; RSS_KB=21207596
0, 14445;1, 205; RSS_KB=20884072
0, 14445;1, 205; RSS_KB=20614292
0, 14445;1, 205; RSS_KB=20342136
0, 14445;1, 205; RSS_KB=20081024
0, 14445;1, 205; RSS_KB=19816000
0, 14445;1, 205; RSS_KB=19551376
0, 14445;1, 205; RSS_KB=19248284
0, 14445;1, 205; RSS_KB=18976000
0, 14448;1, 205; RSS_KB=18717128
0, 14447;1, 205; RSS_KB=18562924
0, 14447;1, 205; RSS_KB=18470844
0, 14453;1, 205; RSS_KB=18250012
0, 14458;1, 205; RSS_KB=18161792
0, 14457;1, 205; RSS_KB=17842200
0, 14451;1, 205; RSS_KB=17834704
0, 14451;1, 205; RSS_KB=17833124
0, 14451;1, 205; RSS_KB=17833124
0, 14451;1, 205; RSS_KB=17830696
0, 6091;1, 205; RSS_KB=17825880
0, 14461;1, 205; RSS_KB=17824576
0, 14461;1, 205; RSS_KB=17824312
0, 14461;1, 205; RSS_KB=17814952
0, 14461;1, 205; RSS_KB=17806196
0, 14451;1, 205; RSS_KB=17804020
0, 14461;1, 205; RSS_KB=17804000
0, 14461;1, 205; RSS_KB=17803848
0, 14461;1, 205; RSS_KB=17798996
0, 14461;1, 205; RSS_KB=17796372
0, 14457;1, 205; RSS_KB=17792712
0, 14457;1, 205; RSS_KB=17744676
0, 14457;1, 205; RSS_KB=17662004
0, 14451;1, 205; RSS_KB=17367904
0, 14451;1, 205; RSS_KB=17211512
0, 14451;1, 205; RSS_KB=17211512
0, 14451;1, 205; RSS_KB=17211512
0, 14451;1, 205; RSS_KB=17211512
0, 14451;1, 205; RSS_KB=17211512
0, 14451;1, 205; RSS_KB=17211512
0, 14443;1, 205; RSS_KB=17211512
0, 14453;1, 205; RSS_KB=17211512
0, 14453;1, 205; RSS_KB=17211512
0, 14261;1, 205; RSS_KB=17211672
0, 14449;1, 205; RSS_KB=17211676
0, 14453;1, 205; RSS_KB=17211676
0, 14453;1, 205; RSS_KB=17211676
0, 14453;1, 205; RSS_KB=17211680
0, 14453;1, 205; RSS_KB=17211680
0, 14445;1, 205; RSS_KB=17211680
0, 14445;1, 205; RSS_KB=17211680
0, 14445;1, 205; RSS_KB=17211680
0, 14445;1, 205; RSS_KB=17211680
0, 14445;1, 205; RSS_KB=17211680
0, 14445;1, 205; RSS_KB=17211680
0, 14445;1, 205; RSS_KB=17211680
0, 14451;1, 205; RSS_KB=17211680
0, 14451;1, 205; RSS_KB=17211680
0, 14451;1, 205; RSS_KB=17211680
0, 14445;1, 205; RSS_KB=17211680
0, 14445;1, 205; RSS_KB=17211680
0, 14445;1, 205; RSS_KB=17211680
0, 14445;1, 205; RSS_KB=17211680
0, 14460;1, 205; RSS_KB=17211680
0, 14460;1, 205; RSS_KB=17211680
0, 14456;1, 205; RSS_KB=17211680
0, 14445;1, 205; RSS_KB=17211680
0, 14448;1, 205; RSS_KB=17211680
0, 14446;1, 205; RSS_KB=17211680
0, 14452;1, 205; RSS_KB=17211680
0, 14452;1, 205; RSS_KB=17211680
0, 14456;1, 205; RSS_KB=17211680
0, 14455;1, 205; RSS_KB=17211680
0, 14455;1, 205; RSS_KB=17211680
0, 14445;1, 205; RSS_KB=17211680
0, 14445;1, 205; RSS_KB=17211680
0, 14445;1, 205; RSS_KB=17211680
0, 14445;1, 205; RSS_KB=17211680
0, 14445;1, 205; RSS_KB=17211680
0, 14460;1, 205; RSS_KB=17211680
0, 14460;1, 205; RSS_KB=17211680
0, 14451;1, 205; RSS_KB=17211680
0, 14451;1, 205; RSS_KB=17004436
0, 14451;1, 205; RSS_KB=17004436
0, 14444;1, 205; RSS_KB=17004436
0, 14444;1, 205; RSS_KB=17004436
0, 14444;1, 205; RSS_KB=17004436
0, 14444;1, 205; RSS_KB=17004440
0, 14444;1, 205; RSS_KB=17004440
0, 14454;1, 205; RSS_KB=17004440
0, 14454;1, 205; RSS_KB=17004440
0, 14454;1, 205; RSS_KB=17004440
0, 14448;1, 205; RSS_KB=17004440
0, 14460;1, 205; RSS_KB=16811992
0, 14460;1, 205; RSS_KB=16725412
0, 14443;1, 205; RSS_KB=16713016
0, 14443;1, 205; RSS_KB=16713016
0, 14443;1, 205; RSS_KB=16713016
0, 14442;1, 205; RSS_KB=16713016
0, 14452;1, 205; RSS_KB=16713016
0, 14452;1, 205; RSS_KB=16713016
0, 14464;1, 205; RSS_KB=16713016
0, 14464;1, 205; RSS_KB=16713016
0, 5693;1, 205; RSS_KB=16875348
0, 5693;1, 205; RSS_KB=16875860
0, 9159;1, 205; RSS_KB=17511604
0, 9656;1, 205; RSS_KB=16998388
0, 10834;1, 205; RSS_KB=17217540
0, 10828;1, 205; RSS_KB=17218696
0, 10838;1, 205; RSS_KB=17218704
0, 10854;1, 205; RSS_KB=17218704
0, 10838;1, 205; RSS_KB=17325632
0, 10329;1, 205; RSS_KB=17325636
0, 10827;1, 205; RSS_KB=17325640
0, 10344;1, 205; RSS_KB=17570208
0, 10848;1, 205; RSS_KB=17408264
0, 10833;1, 205; RSS_KB=17408268
0, 10849;1, 205; RSS_KB=17404968
0, 10833;1, 205; RSS_KB=17354816
0, 10827;1, 205; RSS_KB=17490900
0, 10827;1, 205; RSS_KB=17490904
0, 10827;1, 205; RSS_KB=17490908
0, 10827;1, 205; RSS_KB=17437448
0, 10853;1, 205; RSS_KB=17573532
0, 10837;1, 205; RSS_KB=17573536
0, 10837;1, 205; RSS_KB=17573536
0, 10837;1, 205; RSS_KB=17520076
0, 10843;1, 205; RSS_KB=17656008
0, 10837;1, 205; RSS_KB=17656008
0, 10844;1, 205; RSS_KB=17656012
0, 10844;1, 205; RSS_KB=17602700
0, 10853;1, 205; RSS_KB=17738780
0, 10827;1, 205; RSS_KB=17738780
0, 10836;1, 205; RSS_KB=17738780
0, 10836;1, 205; RSS_KB=17685320
0, 10860;1, 205; RSS_KB=17821408
0, 10849;1, 205; RSS_KB=17821408
0, 10834;1, 205; RSS_KB=17821408
0, 10336;1, 205; RSS_KB=17767940
0, 10830;1, 205; RSS_KB=17904024
0, 10829;1, 205; RSS_KB=17904024
0, 10337;1, 205; RSS_KB=17696524
0, 10333;1, 205; RSS_KB=18519428
0, 10835;1, 205; RSS_KB=17779152
0, 10835;1, 205; RSS_KB=17779152
0, 10851;1, 205; RSS_KB=17779152
0, 10337;1, 205; RSS_KB=18278108
0, 10825;1, 205; RSS_KB=17861764
0, 10841;1, 205; RSS_KB=17858464
0, 10825;1, 205; RSS_KB=17861768
0, 10338;1, 205; RSS_KB=18023712
0, 10852;1, 205; RSS_KB=17941084
0, 10826;1, 205; RSS_KB=17944388
0, 10826;1, 205; RSS_KB=17944388
0, 10334;1, 205; RSS_KB=17986804
0, 10832;1, 205; RSS_KB=17503148
0, 10831;1, 205; RSS_KB=17639228
0, 10835;1, 205; RSS_KB=17639228
0, 10835;1, 205; RSS_KB=17639228
0, 10337;1, 205; RSS_KB=18792616
0, 10825;1, 205; RSS_KB=17721852
0, 10825;1, 205; RSS_KB=17721852
0, 10862;1, 205; RSS_KB=17721852
0, 10348;1, 205; RSS_KB=18184172
0, 10338;1, 205; RSS_KB=17804472
0, 10825;1, 205; RSS_KB=17804472
0, 10831;1, 205; RSS_KB=17804472
0, 10333;1, 205; RSS_KB=17966416
0, 10333;1, 205; RSS_KB=16734456
0, 10333;1, 205; RSS_KB=12614532
0, 4639;1, 205; RSS_KB=1414572
0, 4639;1, 205; RSS_KB=0
